{"name":"All Web Site Data","id":"71568934|undefined","type":"custom","source":"google_analytics","dataByBrowser":{"ie":{"6":0,"7":0.07401924500370095,"8":0,"9":0.07401924500370095,"10":0.19738465334320254,"11":0.6415001233654083},"edge":{"12":0.049346163335800636,"13":0.5428077966938071,"14":0},"firefox":{"2":0,"3":0,"4":0,"5":0,"6":0.049346163335800636,"7":0,"8":0,"9":0,"10":0,"11":0,"12":0,"13":0,"14":0.049346163335800636,"15":0,"16":0,"17":0,"18":0,"19":0,"20":0,"21":0.09869232667160127,"22":0,"23":0,"24":0,"25":0.32075006168270415,"26":0.024673081667900318,"27":0,"28":0.049346163335800636,"29":0.1480384900074019,"30":0,"31":0.049346163335800636,"32":0,"33":0,"34":0,"35":0.024673081667900318,"36":0.07401924500370095,"37":0.09869232667160127,"38":0.6415001233654083,"39":0.049346163335800636,"40":0.07401924500370095,"41":0.19738465334320254,"42":1.0609425117197138,"43":4.317789291882556,"44":3.552923760177646,"45":4.219096965210955,"46":1.2089810017271159,"47":0.1480384900074019,"48":0.09869232667160127,"49":0,"3.5":0,"3.6":0},"chrome":{"4":0,"5":0,"6":0,"7":0,"8":0,"9":0,"10":0,"11":0,"12":0,"13":0,"14":0,"15":0,"16":0,"17":0,"18":0,"19":0,"20":0,"21":0.07401924500370095,"22":0,"23":0,"24":0.024673081667900318,"25":0,"26":0,"27":0,"28":0,"29":0,"30":0,"31":0.3700962250185048,"32":0.3947693066864051,"33":0,"34":0.09869232667160127,"35":0.27140389834690354,"36":1.6530964717493217,"37":0.09869232667160127,"38":0.049346163335800636,"39":0,"40":0.07401924500370095,"41":0.2467308166790032,"42":0.1233654083395016,"43":0.1480384900074019,"44":0.32075006168270415,"45":0.690846286701209,"46":0.9622501850481125,"47":17.221811004194425,"48":21.58894645941278,"49":20.84875400937577,"50":5.699481865284974,"51":0.6415001233654083,"52":0.19738465334320254,"53":0},"safari":{"4":0,"5":0,"6":0.024673081667900318,"7":0.1480384900074019,"8":0.32075006168270415,"9":2.516654330125833,"3.1":0,"3.2":0,"5.1":0.1233654083395016,"6.1":0,"7.1":0,"9.1":0.9622501850481125,"TP":0},"opera":{"15":0,"16":0,"17":0.024673081667900318,"18":0.049346163335800636,"19":0,"20":0,"21":0,"22":0.024673081667900318,"23":0,"24":0,"25":0,"26":0,"27":0,"28":0,"29":0,"30":0,"31":0,"32":0,"33":0,"34":0.22205773501110287,"35":0.32075006168270415,"36":0.3700962250185048,"37":0.024673081667900318,"38":0,"39":0,"10.0-10.1":0,"11.5":0,"12.1":0.2467308166790032},"ios_saf":{"8":0.1233654083395016,"3.2":0,"4.0-4.1":0,"4.2-4.3":0,"5.0-5.1":0,"6.0-6.1":0.09869232667160127,"7.0-7.1":0.1480384900074019,"8.1-8.4":0.1233654083395016,"9.0-9.2":0.9869232667160128,"9.3":0.5921539600296076},"op_mini":{"5.0-8.0":0},"android":{"3":0,"4":0,"50":0,"2.1":0,"2.2":0,"2.3":0,"4.1":0,"4.2-4.3":0,"4.4":0,"4.4.3-4.4.4":0},"bb":{"7":0,"10":0},"op_mob":{"12":0,"36":0,"12.1":0},"and_chr":{"50":1.159634838391315},"and_ff":{"46":0},"ie_mob":{"10":0,"11":0},"and_uc":{"9.9":0}},"meta":{"start_date":"2015-12-11","end_date":"2016-05-11"},"uid":"custom.71568934|undefined"}
